EVENT_DATE,PATH,EVENT_ID,MARKET_TYPE,MARKET_ID,MARKET_NAME,SELECTION_ID,RUNNER_NAME,RUNNER_STATUS,IS_WINNER,TOTAL_POINTS,HOME_TEAM,AWAY_TEAM,HOME_MARGIN,HOME_SCORE,AWAY_SCORE,BEST_BACK_FIRST_BOUNCE,BEST_LAY_FIRST_BOUNCE,MATCHED_VOLUME_FIRST_BOUNCE,BEST_BACK_PRICE_APPROX_QUARTER_TIME,BEST_LAY_PRICE_APPROX_QUARTER_TIME,MATCHED_VOLUME_QUARTER_TIME,BEST_BACK_PRICE_HALF_TIME,BEST_LAY_PRICE_HALF_TIME,MATCHED_VOLUME_HALF_TIME,BEST_BACK_PRICE_APPROX_THREE_QUARTER_TIME,BEST_LAY_PRICE_APPROX_THREE_QUARTER_TIME,MATCHED_VOLUME_APPROX_THREE_QUARTER_TIME,TOTAL_MATCHED_VOLUME
2025-08-14 00:00:00.000 Z,Women's AFL/Carlton (W) v Collingwood (W),34400344,MATCH_ODDS,245867388,Match Odds,12443132,Carlton (W),WINNER,1,66,Carlton (W),v Collingwood (W),24,45,21,,,,,,,,,,,,,
2025-08-14 00:00:00.000 Z,Women's AFL/Carlton (W) v Collingwood (W),34400344,MATCH_ODDS,245867388,Match Odds,12443130,Collingwood (W),LOSER,0,66,Carlton (W),v Collingwood (W),24,45,21,,,,,,,,,,,,,
2025-08-14 00:00:00.000 Z,Women's AFL/West Coast (W) v Gold Coast (W),34400345,MATCH_ODDS,245867632,Match Odds,26814172,Gold Coast (W),LOSER,0,55,West Coast (W),v Gold Coast (W),15,35,20,,,,,,,,,,,,,
2025-08-14 00:00:00.000 Z,Women's AFL/West Coast (W) v Gold Coast (W),34400345,MATCH_ODDS,245867632,Match Odds,26814174,West Coast (W),WINNER,1,55,West Coast (W),v Gold Coast (W),15,35,20,,,,,,,,,,,,,
2025-08-15 00:00:00.000 Z,Women's AFL/Sydney (W) v Richmond (W),34400346,MATCH_ODDS,245867876,Match Odds,26814173,Richmond (W),LOSER,0,96,Sydney (W),v Richmond (W),20,58,38,2.26,2.34,4433.48,1.6,5.1,5061.87,2,5.1,5061.87,4.1,,5061.91,5061.91
2025-08-15 00:00:00.000 Z,Women's AFL/Sydney (W) v Richmond (W),34400346,MATCH_ODDS,245867876,Match Odds,47691797,Sydney (W),WINNER,1,96,Sydney (W),v Richmond (W),20,58,38,1.74,1.8,4112.53,1.23,3.05,4257.25,1.23,3.05,4346.25,,1.01,4528.83,4528.83
2025-08-16 00:00:00.000 Z,Women's AFL/Geelong (W) v North Melbourne (W),34400347,MATCH_ODDS,245868121,Match Odds,22505676,Geelong (W),LOSER,0,72,Geelong (W),v North Melbourne (W),-30,21,51,4.1,,121.71,2,,123.49,2,,123.49,2.5,,123.49,123.49
2025-08-16 00:00:00.000 Z,Women's AFL/Geelong (W) v North Melbourne (W),34400347,MATCH_ODDS,245868121,Match Odds,22505674,North Melbourne (W),WINNER,1,72,Geelong (W),v North Melbourne (W),-30,21,51,1.19,1.27,1149.58,1.13,1.56,1189.58,1.01,1.56,1189.58,1.01,1.47,1189.67,1210.38
2025-08-16 00:00:00.000 Z,Women's AFL/GWS (W) v Essendon (W),34400348,MATCH_ODDS,245868365,Match Odds,47691799,Essendon (W),WINNER,1,114,GWS (W),v Essendon (W),-56,29,85,1.46,2.4,642.59,1.39,,987.08,1.01,1.12,1026.04,,1.01,1058.24,1058.24
2025-08-16 00:00:00.000 Z,Women's AFL/GWS (W) v Essendon (W),34400348,MATCH_ODDS,245868365,Match Odds,12543370,GWS (W),LOSER,0,114,GWS (W),v Essendon (W),-56,29,85,2.86,3.2,749.94,2,7.2,1032.91,1.03,,1032.93,1.03,,1032.93,1032.93
2025-08-16 00:00:00.000 Z,Women's AFL/Western Bulldogs (W) v Melbourne (W),34400349,MATCH_ODDS,245868609,Match Odds,12443129,Melbourne (W),WINNER,1,76,Western Bulldogs (W),v Melbourne (W),-48,14,62,1.12,1.18,3630.04,1.02,1.44,3640.21,1.02,1.21,3640.21,,1.01,3705.64,3705.64
2025-08-16 00:00:00.000 Z,Women's AFL/Western Bulldogs (W) v Melbourne (W),34400349,MATCH_ODDS,245868609,Match Odds,12443127,Western Bulldogs (W),LOSER,0,76,Western Bulldogs (W),v Melbourne (W),-48,14,62,5.3,9.2,367.94,1.01,,367.94,1.01,,367.94,110,,367.94,367.94
2025-08-17 00:00:00.000 Z,Women's AFL/Brisbane (W) v Hawthorn (W),34400351,MATCH_ODDS,245868853,Match Odds,12551709,Brisbane (W),LOSER,0,62,Brisbane (W),v Hawthorn (W),-4,29,33,1.42,1.46,971.92,1.11,1.69,1509.96,1.19,8.6,1528.21,1.3,3,1960.17,2010.17
2025-08-17 00:00:00.000 Z,Women's AFL/Brisbane (W) v Hawthorn (W),34400351,MATCH_ODDS,245868853,Match Odds,47691798,Hawthorn (W),WINNER,1,62,Brisbane (W),v Hawthorn (W),-4,29,33,3.25,7,119.95,2.92,3.15,502.3,1.11,7,601.59,1.43,7,664.89,1000.91
2025-08-17 00:00:00.000 Z,Women's AFL/St Kilda (W) v Adelaide (W),34400352,MATCH_ODDS,245869097,Match Odds,12443131,Adelaide (W),LOSER,0,60,St Kilda (W),v Adelaide (W),22,41,19,1.14,1.27,627.81,1.11,1.27,627.81,1.5,1.98,632.89,3,,634.86,634.86
2025-08-17 00:00:00.000 Z,Women's AFL/St Kilda (W) v Adelaide (W),34400352,MATCH_ODDS,245869097,Match Odds,26814175,St Kilda (W),WINNER,1,60,St Kilda (W),v Adelaide (W),22,41,19,5.3,5.4,107.79,2,5.4,118.58,2,5.4,118.58,1.05,5.4,189.78,332.99
2025-08-17 00:00:00.000 Z,Women's AFL/Port Adelaide (W) v Fremantle (W),34400353,MATCH_ODDS,245869341,Match Odds,12443128,Fremantle (W),WINNER,1,70,Port Adelaide (W),v Fremantle (W),-22,24,46,1.72,2.1,577.33,1.12,2,579.35,1.12,1.77,583.51,1.12,1.47,808.99,960.37
2025-08-17 00:00:00.000 Z,Women's AFL/Port Adelaide (W) v Fremantle (W),34400353,MATCH_ODDS,245869341,Match Odds,47691800,Port Adelaide (W),LOSER,0,70,Port Adelaide (W),v Fremantle (W),-22,24,46,1.11,3.4,1123.49,2,3.4,1125.45,2,,1125.5,3.2,,1125.5,1127.58
2025-08-23 00:00:00.000 Z,Women's AFL/Collingwood (W) v GWS (W),34635882,MATCH_ODDS,246806281,Match Odds,12443130,Collingwood (W),WINNER,1,58,Collingwood (W),v GWS (W),8,33,25,1.36,1.41,1315.45,1.12,1.97,1633,1.12,1.97,1633,1.2,1.97,1633,1727.16
2025-08-23 00:00:00.000 Z,Women's AFL/Collingwood (W) v GWS (W),34635882,MATCH_ODDS,246806281,Match Odds,12543370,GWS (W),LOSER,0,58,Collingwood (W),v GWS (W),8,33,25,3.05,3.55,496.41,1.12,6.4,627,1.12,6.4,627,1.2,6.4,627,627.02
2025-08-23 00:00:00.000 Z,Women's AFL/Melbourne (W) v St Kilda (W),34635883,MATCH_ODDS,246806525,Match Odds,12443129,Melbourne (W),WINNER,1,104,Melbourne (W),v St Kilda (W),60,82,22,1.26,1.3,2121.85,1.11,1.3,2559.14,1.01,1.3,2596.09,,1.15,2723.66,2736.26
2025-08-23 00:00:00.000 Z,Women's AFL/Melbourne (W) v St Kilda (W),34635883,MATCH_ODDS,246806525,Match Odds,26814175,St Kilda (W),LOSER,0,104,Melbourne (W),v St Kilda (W),60,82,22,4.5,4.7,648.62,1.11,,737.16,1.11,,737.16,1.01,,737.16,739.14
2025-08-23 00:00:00.000 Z,Women's AFL/Gold Coast (W) v Sydney (W),34635884,MATCH_ODDS,246806769,Match Odds,26814172,Gold Coast (W),LOSER,0,124,Gold Coast (W),v Sydney (W),,,,4.5,5,805.16,1.38,,805.16,1.38,,805.16,2.2,,805.16,805.16
2025-08-23 00:00:00.000 Z,Women's AFL/Gold Coast (W) v Sydney (W),34635884,MATCH_ODDS,246806769,Match Odds,47691797,Sydney (W),WINNER,1,124,Gold Coast (W),v Sydney (W),,,,1.24,1.71,3184.18,1.01,1.11,3295.18,,1.71,3313.92,,1.01,3317.87,3317.87
2025-08-23 00:00:00.000 Z,Women's AFL/Fremantle (W) v Brisbane (W),34635885,MATCH_ODDS,246807013,Match Odds,12551709,Brisbane (W),WINNER,1,140,Fremantle (W),v Brisbane (W),,,,1.41,1.45,3517.12,1.2,1.29,4021.11,1.01,1.11,4154.24,,1.09,4182.77,4182.77
2025-08-23 00:00:00.000 Z,Women's AFL/Fremantle (W) v Brisbane (W),34635885,MATCH_ODDS,246807013,Match Odds,12443128,Fremantle (W),LOSER,0,140,Fremantle (W),v Brisbane (W),,,,3.25,3.4,361.2,1.4,5.3,834.11,1.4,,834.14,1.4,,834.14,834.14
2025-08-23 00:00:00.000 Z,Women's AFL/Hawthorn (W) v Carlton (W),34635886,MATCH_ODDS,246807257,Match Odds,12443132,Carlton (W),LOSER,0,52,Hawthorn (W),v Carlton (W),8,30,22,5.6,1000,975.24,2.2,,1003.9,2.2,,1003.9,2.2,,1003.9,1015.81
2025-08-23 00:00:00.000 Z,Women's AFL/Hawthorn (W) v Carlton (W),34635886,MATCH_ODDS,246807257,Match Odds,47691798,Hawthorn (W),WINNER,1,52,Hawthorn (W),v Carlton (W),8,30,22,1.21,1.22,10607.01,1.02,1.05,11479.33,1.02,1.2,11724.88,1.08,1.37,11724.88,11859.53
2025-08-24 00:00:00.000 Z,Women's AFL/Richmond (W) v Western Bulldogs (W),34635887,MATCH_ODDS,246807501,Match Odds,26814173,Richmond (W),LOSER,0,63,Richmond (W),v Western Bulldogs (W),-21,21,42,1.12,1.44,523.25,1.11,1.44,523.25,1.11,1.44,523.25,1.11,,523.34,523.34
2025-08-24 00:00:00.000 Z,Women's AFL/Richmond (W) v Western Bulldogs (W),34635887,MATCH_ODDS,246807501,Match Odds,12443127,Western Bulldogs (W),WINNER,1,63,Richmond (W),v Western Bulldogs (W),-21,21,42,4.8,5.9,111.49,1.11,,129.24,1.11,,129.24,1.11,,129.28,359.57
2025-08-24 00:00:00.000 Z,Women's AFL/North Melbourne (W) v Port Adelaide (W),34635889,MATCH_ODDS,246807745,Match Odds,22505674,North Melbourne (W),WINNER,1,102,North Melbourne (W),v Port Adelaide (W),60,81,21,1.02,1.03,1870.64,,1.03,2073.82,,1.01,2077.61,,1.03,2077.61,2077.61
2025-08-24 00:00:00.000 Z,Women's AFL/North Melbourne (W) v Port Adelaide (W),34635889,MATCH_ODDS,246807745,Match Odds,47691800,Port Adelaide (W),LOSER,0,102,North Melbourne (W),v Port Adelaide (W),60,81,21,15,95,21.28,1.01,,21.28,1.01,,21.28,1.01,,21.28,21.28
2025-08-24 00:00:00.000 Z,Women's AFL/Essendon (W) v West Coast (W),34635890,MATCH_ODDS,246807989,Match Odds,47691799,Essendon (W),WINNER,1,57,Essendon (W),v West Coast (W),5,31,26,1.25,1.36,403.65,1.13,1.58,403.8,1.3,1.58,403.8,1.3,,403.88,519.3
2025-08-24 00:00:00.000 Z,Women's AFL/Essendon (W) v West Coast (W),34635890,MATCH_ODDS,246807989,Match Odds,26814174,West Coast (W),LOSER,0,57,Essendon (W),v West Coast (W),5,31,26,3.7,7.4,42.6,1.11,7.4,60.6,1.34,7.4,60.6,2,7.4,60.6,78.45
2025-08-24 00:00:00.000 Z,Women's AFL/Adelaide (W) v Geelong (W),34635892,MATCH_ODDS,246808233,Match Odds,12443131,Adelaide (W),WINNER,1,92,Adelaide (W),v Geelong (W),38,65,27,1.38,2.08,114.03,1.11,2.08,114.03,2,2.08,114.03,2,,116.08,192.21
2025-08-24 00:00:00.000 Z,Women's AFL/Adelaide (W) v Geelong (W),34635892,MATCH_ODDS,246808233,Match Odds,22505676,Geelong (W),LOSER,0,92,Adelaide (W),v Geelong (W),38,65,27,3.1,3.7,106.74,1.11,3.7,106.74,1.15,3.7,106.74,1.12,3.7,106.74,173.77
2025-08-29 00:00:00.000 Z,Women's AFL/Richmond (W) v Essendon (W),34661463,MATCH_ODDS,247059631,Match Odds,47691799,Essendon (W),WINNER,1,71,Richmond (W),v Essendon (W),-15,28,43,1.53,1.54,2659.43,1.14,1.5,3168.92,1.03,1.43,4167.67,1.12,1.45,5088.86,5107.42
2025-08-29 00:00:00.000 Z,Women's AFL/Richmond (W) v Essendon (W),34661463,MATCH_ODDS,247059631,Match Odds,26814173,Richmond (W),LOSER,0,71,Richmond (W),v Essendon (W),-15,28,43,2.74,2.9,1459.4,3.5,5.5,1523.21,7.4,,1536.68,5,,1559.09,1648.09
2025-08-30 00:00:00.000 Z,Women's AFL/GWS (W) v Adelaide (W),34661464,MATCH_ODDS,247059875,Match Odds,12443131,Adelaide (W),WINNER,1,76,GWS (W),v Adelaide (W),-32,22,54,1.03,1.06,965.67,1.01,1.06,965.67,1.01,1.06,965.67,1.01,1.07,1069.67,1078.81
2025-08-30 00:00:00.000 Z,Women's AFL/GWS (W) v Adelaide (W),34661464,MATCH_ODDS,247059875,Match Odds,12543370,GWS (W),LOSER,0,76,GWS (W),v Adelaide (W),-32,22,54,18,1000,32.96,15,,32.96,15,,32.96,15,,32.96,32.96
2025-08-30 00:00:00.000 Z,Women's AFL/St Kilda (W) v West Coast (W),34661465,MATCH_ODDS,247060119,Match Odds,26814175,St Kilda (W),LOSER,0,70,St Kilda (W),v West Coast (W),-14,28,42,1.43,1.45,441,1.11,1.84,515.19,1.12,1.45,529.62,1.01,1.25,712.32,743.01
2025-08-30 00:00:00.000 Z,Women's AFL/St Kilda (W) v West Coast (W),34661465,MATCH_ODDS,247060119,Match Odds,26814174,West Coast (W),WINNER,1,70,St Kilda (W),v West Coast (W),-14,28,42,2.94,3.25,413.02,1.11,5,445.89,1.4,,445.92,1.4,,445.92,685.14
2025-08-30 00:00:00.000 Z,Women's AFL/Geelong (W) v Sydney (W),34661472,MATCH_ODDS,247060455,Match Odds,22505676,Geelong (W),LOSER,0,95,Geelong (W),v Sydney (W),-5,45,50,2.04,2.12,3704.52,1.11,4.4,5053.81,2.5,4.4,5053.81,2.12,,5080.81,5080.81
2025-08-30 00:00:00.000 Z,Women's AFL/Geelong (W) v Sydney (W),34661472,MATCH_ODDS,247060455,Match Odds,47691797,Sydney (W),WINNER,1,95,Geelong (W),v Sydney (W),-5,45,50,1.87,1.92,5692.52,1.75,,6421.18,1.29,,6441.8,1.11,1.9,6510.17,6740.24
2025-08-30 00:00:00.000 Z,Women's AFL/Port Adelaide (W) v Gold Coast (W),34661474,MATCH_ODDS,247060699,Match Odds,26814172,Gold Coast (W),LOSER,0,,Port Adelaide (W),v Gold Coast (W),60,,,5.2,7,209.81,5.2,,209.81,11.5,,214.63,1.11,,214.75,214.75
2025-08-30 00:00:00.000 Z,Women's AFL/Port Adelaide (W) v Gold Coast (W),34661474,MATCH_ODDS,247060699,Match Odds,47691800,Port Adelaide (W),WINNER,1,,Port Adelaide (W),v Gold Coast (W),60,,,1.16,1.17,997.57,1.03,1.44,1088.47,,1.01,2107.29,,1.01,2119.49,2119.49
2025-08-30 00:00:00.000 Z,Women's AFL/Western Bulldogs (W) v Hawthorn (W),34661475,MATCH_ODDS,247060943,Match Odds,47691798,Hawthorn (W),WINNER,1,24,Western Bulldogs (W),v Hawthorn (W),-4,10,14,1.09,1.1,2756.46,1.07,1.35,2997.14,1.06,1.16,3026.26,1.15,1.29,3376.52,3697.91
2025-08-30 00:00:00.000 Z,Women's AFL/Western Bulldogs (W) v Hawthorn (W),34661475,MATCH_ODDS,247060943,Match Odds,12443127,Western Bulldogs (W),LOSER,0,24,Western Bulldogs (W),v Hawthorn (W),-4,10,14,10,1000,1465.35,4.6,,1511.65,6.2,,1513.65,2.6,,1536.67,1572.02
2025-08-31 00:00:00.000 Z,Women's AFL/Collingwood (W) v Melbourne (W),34661478,MATCH_ODDS,247061187,Match Odds,12443130,Collingwood (W),LOSER,0,70,Collingwood (W),v Melbourne (W),-4,33,37,12,48,139.58,6.2,,139.58,7,7,266.69,2.5,,485.14,492.03
2025-08-31 00:00:00.000 Z,Women's AFL/Collingwood (W) v Melbourne (W),34661478,MATCH_ODDS,247061187,Match Odds,12443129,Melbourne (W),WINNER,1,70,Collingwood (W),v Melbourne (W),-4,33,37,1.03,1.06,3931.69,1.02,1.03,3949.56,1.02,,4502.1,1.02,,4504.82,4559.71
2025-08-31 00:00:00.000 Z,Women's AFL/Fremantle (W) v North Melbourne (W),34661479,MATCH_ODDS,247061523,Match Odds,12443128,Fremantle (W),LOSER,0,128,Fremantle (W),v North Melbourne (W),,,,12,1000,81.41,7,,98.38,170,,98.38,170,,98.38,98.38
2025-08-31 00:00:00.000 Z,Women's AFL/Fremantle (W) v North Melbourne (W),34661479,MATCH_ODDS,247061523,Match Odds,22505674,North Melbourne (W),WINNER,1,128,Fremantle (W),v North Melbourne (W),,,,1.03,1.05,2435.03,,1.01,7671.84,,1.01,7671.84,,1.01,7671.84,7671.84
2025-08-31 00:00:00.000 Z,Women's AFL/Brisbane (W) v Carlton (W),34661480,MATCH_ODDS,247061795,Match Odds,12551709,Brisbane (W),LOSER,0,102,Brisbane (W),v Carlton (W),-14,44,58,1.09,1.11,5413.38,1.11,1.33,5648.01,1.09,,5739.75,1.09,,6240.55,6240.55
2025-08-31 00:00:00.000 Z,Women's AFL/Brisbane (W) v Carlton (W),34661480,MATCH_ODDS,247061795,Match Odds,12443132,Carlton (W),WINNER,1,102,Brisbane (W),v Carlton (W),-14,44,58,8.8,13,296.52,2.3,,318.15,1.06,1.49,681.61,1.13,,1453.58,1745.79
2025-09-06 00:00:00.000 Z,Women's AFL/Melbourne (W) v Richmond (W),34685538,MATCH_ODDS,247310251,Match Odds,12443129,Melbourne (W),WINNER,1,77,Melbourne (W),v Richmond (W),37,57,20,1.13,1.19,1274.01,1.11,1.27,1274.01,1.02,1.27,1362,,1.01,1518.62,1518.62
2025-09-06 00:00:00.000 Z,Women's AFL/Melbourne (W) v Richmond (W),34685538,MATCH_ODDS,247310251,Match Odds,26814173,Richmond (W),LOSER,0,77,Melbourne (W),v Richmond (W),37,57,20,6.4,9.2,143.89,1.23,,143.89,1.23,,143.89,1.25,,143.89,143.89
2025-09-06 00:00:00.000 Z,Women's AFL/Gold Coast SUNS (W) v GWS GIANTS (W),34685539,MATCH_ODDS,247310495,Match Odds,79562662,GWS Giants (W),LOSER,0,85,Gold Coast SUNS (W),v GWS GIANTS (W),19,52,33,1.44,1.6,1279.36,1.11,2.5,1470.07,1.11,,1470.14,1.3,,1470.14,1470.14
2025-09-06 00:00:00.000 Z,Women's AFL/Gold Coast SUNS (W) v GWS GIANTS (W),34685539,MATCH_ODDS,247310495,Match Odds,79562658,Gold Coast SUNS (W),WINNER,1,85,Gold Coast SUNS (W),v GWS GIANTS (W),19,52,33,2.84,5.4,79.7,1.3,5.4,243.21,1.11,5.4,248.68,1.01,5.4,431.05,436.61
2025-09-06 00:00:00.000 Z,Women's AFL/Carlton (W) v Western Bulldogs (W),34685540,MATCH_ODDS,247310739,Match Odds,12443132,Carlton (W),WINNER,1,82,Carlton (W),v Western Bulldogs (W),16,49,33,1.22,1.25,1313.93,1.05,1.63,1337.33,1.12,,1339.28,1.01,,1361.28,1381.64
2025-09-06 00:00:00.000 Z,Women's AFL/Carlton (W) v Western Bulldogs (W),34685540,MATCH_ODDS,247310739,Match Odds,12443127,Western Bulldogs (W),LOSER,0,82,Carlton (W),v Western Bulldogs (W),16,49,33,5,5.6,1355.33,1.2,,1355.33,2,,1355.33,1.11,,1355.33,1355.33
2025-09-06 00:00:00.000 Z,Women's AFL/Hawthorn (W) v St Kilda (W),34685541,MATCH_ODDS,247310983,Match Odds,47691798,Hawthorn (W),WINNER,1,57,Hawthorn (W),v St Kilda (W),23,40,17,1.27,1.59,666.24,1.28,,674.52,1.02,1.05,753.21,,1.05,954.14,954.14
2025-09-06 00:00:00.000 Z,Women's AFL/Hawthorn (W) v St Kilda (W),34685541,MATCH_ODDS,247310983,Match Odds,26814175,St Kilda (W),LOSER,0,57,Hawthorn (W),v St Kilda (W),23,40,17,3.95,4.6,68.31,1.11,8.4,107.55,1.11,,107.57,1.11,,107.57,107.57
2025-09-07 00:00:00.000 Z,Women's AFL/Sydney Swans (W) v Fremantle (W),34685542,MATCH_ODDS,247311227,Match Odds,12443128,Fremantle (W),LOSER,0,99,Sydney Swans (W),v Fremantle (W),25,62,37,7.8,1000,105.67,1.12,,106.5,1.12,,106.5,2.2,,106.5,106.5
2025-09-07 00:00:00.000 Z,Women's AFL/Sydney Swans (W) v Fremantle (W),34685542,MATCH_ODDS,247311227,Match Odds,79562659,Sydney Swans (W),WINNER,1,99,Sydney Swans (W),v Fremantle (W),25,62,37,1.12,1.14,1495.59,1.11,1.32,1605.64,1.11,1.32,1605.64,1.01,1.19,1725.78,1810.51
2025-09-07 00:00:00.000 Z,Women's AFL/Adelaide Crows (W) v Brisbane Lions (W),34685543,MATCH_ODDS,247311471,Match Odds,12443133,Adelaide Crows (W),LOSER,0,79,Adelaide Crows (W),v Brisbane Lions (W),-3,38,41,1.77,1.82,4079.23,1.11,2.58,4079.23,1.11,2.58,4079.23,1.05,2.58,6468.8,6468.86
2025-09-07 00:00:00.000 Z,Women's AFL/Adelaide Crows (W) v Brisbane Lions (W),34685543,MATCH_ODDS,247311471,Match Odds,12443135,Brisbane Lions (W),WINNER,1,79,Adelaide Crows (W),v Brisbane Lions (W),-3,38,41,2.24,2.3,3193.38,1.11,,3193.42,1.11,,3193.42,2,,3193.42,5838.05
2025-09-07 00:00:00.000 Z,Women's AFL/North Melbourne (W) v Collingwood (W),34685544,MATCH_ODDS,247311715,Match Odds,12443130,Collingwood (W),LOSER,0,71,North Melbourne (W),v Collingwood (W),45,58,13,17.5,36,136.91,15,,158.01,15,,158.01,15,,158.01,158.01
2025-09-07 00:00:00.000 Z,Women's AFL/North Melbourne (W) v Collingwood (W),34685544,MATCH_ODDS,247311715,Match Odds,22505674,North Melbourne (W),WINNER,1,71,North Melbourne (W),v Collingwood (W),45,58,13,1.02,1.06,2769.45,1.01,1.02,3902.85,,1.03,4332.66,,1.76,4332.66,4332.66
2025-09-07 00:00:00.000 Z,Women's AFL/Essendon (W) v Geelong Cats (W),34685549,MATCH_ODDS,247311959,Match Odds,47691799,Essendon (W),LOSER,0,85,Essendon (W),v Geelong Cats (W),-31,27,58,2.58,2.68,3770.17,2,4.3,3772.17,2,,3772.2,1.11,,3813.4,3813.4
2025-09-07 00:00:00.000 Z,Women's AFL/Essendon (W) v Geelong Cats (W),34685549,MATCH_ODDS,247311959,Match Odds,79562660,Geelong Cats (W),WINNER,1,85,Essendon (W),v Geelong Cats (W),-31,27,58,1.59,1.63,2334.16,1.11,2.12,2334.44,1.05,2.12,2351.73,,1.26,2497.04,2497.04
2025-09-07 00:00:00.000 Z,Women's AFL/West Coast Eagles (W) v Port Adelaide (W),34685550,MATCH_ODDS,247312203,Match Odds,47691800,Port Adelaide (W),LOSER,0,109,West Coast Eagles (W),v Port Adelaide (W),19,64,45,1.67,1.81,5210.06,1.2,2.48,7132.65,1.3,1.9,7136.56,1.7,2.08,7192.74,7368.14
2025-09-07 00:00:00.000 Z,Women's AFL/West Coast Eagles (W) v Port Adelaide (W),34685550,MATCH_ODDS,247312203,Match Odds,79562661,West Coast Eagles (W),WINNER,1,109,West Coast Eagles (W),v Port Adelaide (W),19,64,45,2.3,2.4,1582.47,3,,1828.02,2,,1857.56,1.51,,2010.69,2586.35
2025-09-13 00:00:00.000 Z,Women's AFL/Collingwood (W) v Sydney Swans (W),34711220,MATCH_ODDS,247542425,Match Odds,12443130,Collingwood (W),WINNER,1,60,Collingwood (W),v Sydney Swans (W),26,43,17,1.44,7.6,115.91,1.11,,145.61,1.11,,145.61,,1.01,362.72,362.72
2025-09-13 00:00:00.000 Z,Women's AFL/Collingwood (W) v Sydney Swans (W),34711220,MATCH_ODDS,247542425,Match Odds,79562659,Sydney Swans (W),LOSER,0,60,Collingwood (W),v Sydney Swans (W),26,43,17,1.11,3.3,951.77,1.11,,951.77,1.11,,951.77,1.11,,951.77,951.77
2025-09-13 00:00:00.000 Z,Women's AFL/Carlton (W) v Gold Coast SUNS (W),34711221,MATCH_ODDS,247542669,Match Odds,12443132,Carlton (W),WINNER,1,96,Carlton (W),v Gold Coast SUNS (W),46,71,25,1.11,1.19,404.79,1.05,1.29,992.84,1.1,1.35,992.84,,1.01,1046.21,1046.21
2025-09-13 00:00:00.000 Z,Women's AFL/Carlton (W) v Gold Coast SUNS (W),34711221,MATCH_ODDS,247542669,Match Odds,79562658,Gold Coast SUNS (W),LOSER,0,96,Carlton (W),v Gold Coast SUNS (W),46,71,25,4.5,9.6,56.47,2,,172.97,2,,172.97,2,,175.77,175.77
2025-09-13 00:00:00.000 Z,Women's AFL/Port Adelaide (W) v Melbourne (W),34711222,MATCH_ODDS,247542913,Match Odds,12443129,Melbourne (W),LOSER,0,84,Port Adelaide (W),v Melbourne (W),2,43,41,1.2,1.23,1576.4,1.2,1.4,1623.57,1.3,100,1623.66,2.2,100,1623.66,1624.66
2025-09-13 00:00:00.000 Z,Women's AFL/Port Adelaide (W) v Melbourne (W),34711222,MATCH_ODDS,247542913,Match Odds,47691800,Port Adelaide (W),WINNER,1,84,Port Adelaide (W),v Melbourne (W),2,43,41,5.4,6.2,260.83,1.3,100,302.61,1.5,100,302.61,1.11,1.6,343.38,597.07
2025-09-13 00:00:00.000 Z,Women's AFL/GWS GIANTS (W) v Western Bulldogs (W),34711224,MATCH_ODDS,247543157,Match Odds,79562662,GWS Giants (W),WINNER,1,79,GWS GIANTS (W),v Western Bulldogs (W),,,,3.9,4.2,308.06,1.11,9.4,313.64,1.11,9.4,313.64,1.11,4,313.72,510.88
2025-09-13 00:00:00.000 Z,Women's AFL/GWS GIANTS (W) v Western Bulldogs (W),34711224,MATCH_ODDS,247543157,Match Odds,12443127,Western Bulldogs (W),LOSER,0,79,GWS GIANTS (W),v Western Bulldogs (W),,,,1.24,1.34,1307.18,1.11,1.97,1307.18,1.11,1.97,1307.18,1.31,,1307.26,1307.26
2025-09-14 00:00:00.000 Z,Women's AFL/Essendon (W) v St Kilda (W),34711225,MATCH_ODDS,247543401,Match Odds,47691799,Essendon (W),LOSER,0,68,Essendon (W),v St Kilda (W),-52,8,60,1.39,1.44,528.36,1.11,2.1,565.36,1.11,2.1,565.36,1.01,,566.44,566.44
2025-09-14 00:00:00.000 Z,Women's AFL/Essendon (W) v St Kilda (W),34711225,MATCH_ODDS,247543401,Match Odds,26814175,St Kilda (W),WINNER,1,68,Essendon (W),v St Kilda (W),-52,8,60,3.15,3.8,39.35,1.11,7.8,55.74,1.05,7.8,55.74,,1.01,246.53,246.53
2025-09-14 00:00:00.000 Z,Women's AFL/Richmond (W) v Geelong Cats (W),34711226,MATCH_ODDS,247543645,Match Odds,79562660,Geelong Cats (W),WINNER,1,88,Richmond (W),v Geelong Cats (W),-30,29,59,1.18,1.38,725.75,1.11,1.38,725.75,1.01,1.38,725.75,1.01,1.38,774.77,795.94
2025-09-14 00:00:00.000 Z,Women's AFL/Richmond (W) v Geelong Cats (W),34711226,MATCH_ODDS,247543645,Match Odds,26814173,Richmond (W),LOSER,0,88,Richmond (W),v Geelong Cats (W),-30,29,59,6,8,190.75,1.11,50,190.75,1.25,50,190.75,1.01,1000,191.75,191.75
2025-09-14 00:00:00.000 Z,Women's AFL/Hawthorn (W) v Adelaide Crows (W),34711227,MATCH_ODDS,247543889,Match Odds,12443133,Adelaide Crows (W),WINNER,1,75,Hawthorn (W),v Adelaide Crows (W),-21,27,48,1.82,1.86,139.49,1.46,3,1395.48,1.11,3,1395.48,1.05,1.35,1422.92,1443.35
2025-09-14 00:00:00.000 Z,Women's AFL/Hawthorn (W) v Adelaide Crows (W),34711227,MATCH_ODDS,247543889,Match Odds,47691798,Hawthorn (W),LOSER,0,75,Hawthorn (W),v Adelaide Crows (W),-21,27,48,2.1,3,417.64,1.46,3,467.64,1.5,3,467.64,1.11,10,472.46,472.69
2025-09-14 00:00:00.000 Z,Women's AFL/Brisbane Lions (W) v North Melbourne (W),34711228,MATCH_ODDS,247544133,Match Odds,12443135,Brisbane Lions (W),LOSER,0,101,Brisbane Lions (W),v North Melbourne (W),-29,36,65,5.6,1000,108.22,1.2,,113.24,1.45,,113.24,1.45,,113.24,113.24
2025-09-14 00:00:00.000 Z,Women's AFL/Brisbane Lions (W) v North Melbourne (W),34711228,MATCH_ODDS,247544133,Match Odds,22505674,North Melbourne (W),WINNER,1,101,Brisbane Lions (W),v North Melbourne (W),-29,36,65,1.19,1.2,2328.69,1.11,1.52,3145.51,1.02,1.52,3179.67,,1.01,3192.09,3192.09
2025-09-14 00:00:00.000 Z,Women's AFL/Fremantle (W) v West Coast Eagles (W),34711229,MATCH_ODDS,247544605,Match Odds,12443128,Fremantle (W),WINNER,1,39,Fremantle (W),v West Coast Eagles (W),7,23,16,2.08,2.14,1933.12,1.14,2.3,2081.21,1.14,2.3,2081.21,1.11,2.3,2081.21,2318.57
2025-09-14 00:00:00.000 Z,Women's AFL/Fremantle (W) v West Coast Eagles (W),34711229,MATCH_ODDS,247544605,Match Odds,79562661,West Coast Eagles (W),LOSER,0,39,Fremantle (W),v West Coast Eagles (W),7,23,16,1.88,1.97,2582.74,1.11,2.5,2622.74,1.11,2.5,2622.74,1.11,2.5,2622.74,2771.72
2025-09-20 00:00:00.000 Z,Women's AFL/Collingwood (W) v Hawthorn (W),34736115,MATCH_ODDS,247813306,Match Odds,12443130,Collingwood (W),LOSER,0,69,Collingwood (W),v Hawthorn (W),-9,30,39,3.8,4,194.62,1.11,,271.22,1.11,,271.22,16,95,278.35,296.54
2025-09-20 00:00:00.000 Z,Women's AFL/Collingwood (W) v Hawthorn (W),34736115,MATCH_ODDS,247813306,Match Odds,47691798,Hawthorn (W),WINNER,1,69,Collingwood (W),v Hawthorn (W),-9,30,39,1.29,1.82,925.34,1.05,,939.63,1.01,1.05,965.62,1.01,1.03,1201.97,1866.99
2025-09-20 00:00:00.000 Z,Women's AFL/Port Adelaide (W) v Geelong (W),34736116,MATCH_ODDS,247813550,Match Odds,22505676,Geelong (W),WINNER,1,85,Port Adelaide (W),v Geelong (W),-5,40,45,1.38,1.39,449.59,1.05,1.06,510.09,1.05,1.06,510.09,1.05,1.86,582.84,603.2
2025-09-20 00:00:00.000 Z,Women's AFL/Port Adelaide (W) v Geelong (W),34736116,MATCH_ODDS,247813550,Match Odds,47691800,Port Adelaide (W),LOSER,0,85,Port Adelaide (W),v Geelong (W),-5,40,45,3.25,3.3,119.44,2.9,5.3,194.58,2.9,5.3,194.58,2.9,5.3,194.58,194.61
2025-09-20 00:00:00.000 Z,Women's AFL/North Melbourne (W) v Carlton (W),34736117,MATCH_ODDS,247813794,Match Odds,12443132,Carlton (W),LOSER,0,105,North Melbourne (W),v Carlton (W),53,79,26,19.5,1000,80.96,19.5,,80.98,27,,80.98,110,,80.98,80.98
2025-09-20 00:00:00.000 Z,Women's AFL/North Melbourne (W) v Carlton (W),34736117,MATCH_ODDS,247813794,Match Odds,22505674,North Melbourne (W),WINNER,1,105,North Melbourne (W),v Carlton (W),53,79,26,1.04,1.05,1533.39,1.01,1.02,1614.43,1.01,1.02,2150.73,,1.01,2404.81,2404.81
2025-09-20 00:00:00.000 Z,Women's AFL/Fremantle (W) v Essendon (W),34736119,MATCH_ODDS,247814281,Match Odds,47691799,Essendon (W),LOSER,0,64,Fremantle (W),v Essendon (W),48,56,8,2.72,2.8,282.34,2.1,90,309.37,1.11,48,313.25,110,,315.03,315.03
2025-09-20 00:00:00.000 Z,Women's AFL/Fremantle (W) v Essendon (W),34736119,MATCH_ODDS,247814281,Match Odds,12443128,Fremantle (W),WINNER,1,64,Fremantle (W),v Essendon (W),48,56,8,1.51,2.68,239.64,1.06,,241.87,1.02,1.05,390.37,,1.01,769.05,769.05
2025-09-21 00:00:00.000 Z,Women's AFL/Sydney (W) v GWS (W),34736121,MATCH_ODDS,247814525,Match Odds,12543370,GWS (W),WINNER,1,91,Sydney (W),v GWS (W),-7,42,49,18,46,36.27,14,,37.29,14,,38.21,1.52,,43.56,1020.43
2025-09-21 00:00:00.000 Z,Women's AFL/Sydney (W) v GWS (W),34736121,MATCH_ODDS,247814525,Match Odds,47691797,Sydney (W),LOSER,0,91,Sydney (W),v GWS (W),-7,42,49,1.03,1.04,1821.81,1.03,,1839.82,1.02,,2418.65,1.04,,3431.92,3431.92
2025-09-21 00:00:00.000 Z,Women's AFL/Melbourne (W) v West Coast (W),34736122,MATCH_ODDS,247814769,Match Odds,12443129,Melbourne (W),WINNER,1,97,Melbourne (W),v West Coast (W),51,74,23,1.14,1.19,1793.35,1.01,1.19,1933.6,,1.19,2118.2,,1.01,2118.2,2118.2
2025-09-21 00:00:00.000 Z,Women's AFL/Melbourne (W) v West Coast (W),34736122,MATCH_ODDS,247814769,Match Odds,26814174,West Coast (W),LOSER,0,97,Melbourne (W),v West Coast (W),51,74,23,5,,127.36,5,,131.83,5,,131.83,5,,131.83,131.83
2025-09-21 00:00:00.000 Z,Women's AFL/Western Bulldogs (W) v Brisbane (W),34736123,MATCH_ODDS,247815013,Match Odds,12551709,Brisbane (W),WINNER,1,69,Western Bulldogs (W),v Brisbane (W),-25,22,47,1.06,1.11,418.06,1.06,,418.06,1.01,1.28,465.08,,1.05,662.85,734.43
2025-09-21 00:00:00.000 Z,Women's AFL/Western Bulldogs (W) v Brisbane (W),34736123,MATCH_ODDS,247815013,Match Odds,12443127,Western Bulldogs (W),LOSER,0,69,Western Bulldogs (W),v Brisbane (W),-25,22,47,3,1000,61.04,3,,61.04,3,,61.04,3,,67.1,69.55
2025-09-21 00:00:00.000 Z,Women's AFL/St Kilda (W) v Richmond (W),34736125,MATCH_ODDS,247815257,Match Odds,26814173,Richmond (W),LOSER,0,79,St Kilda (W),v Richmond (W),7,43,36,3.55,4.2,338.61,1.16,5.9,530.61,2,5.9,551.04,1.25,5.9,563.28,563.3
2025-09-21 00:00:00.000 Z,Women's AFL/St Kilda (W) v Richmond (W),34736125,MATCH_ODDS,247815257,Match Odds,26814175,St Kilda (W),WINNER,1,79,St Kilda (W),v Richmond (W),7,43,36,1.3,1.59,253,1.29,1.59,260.02,1.29,,260.1,1.29,,288.98,383.17
2025-09-21 00:00:00.000 Z,Women's AFL/Gold Coast (W) v Adelaide (W),34736126,MATCH_ODDS,247815501,Match Odds,12443131,Adelaide (W),WINNER,1,84,Gold Coast (W),v Adelaide (W),-16,34,50,1.05,1.07,936.62,1.05,1.18,1079.89,1.28,1.65,1182.69,3.4,,1217.38,2612.9
2025-09-21 00:00:00.000 Z,Women's AFL/Gold Coast (W) v Adelaide (W),34736126,MATCH_ODDS,247815501,Match Odds,26814172,Gold Coast (W),LOSER,0,84,Gold Coast (W),v Adelaide (W),-16,34,50,14.5,19,71.45,3,,71.45,1.11,5,116.64,1.21,1.42,259.85,265.97
2025-09-25 00:00:00.000 Z,Women's AFL/Geelong Cats (W) v Hawthorn (W),34761171,MATCH_ODDS,248099859,Match Odds,79562660,Geelong Cats (W),LOSER,0,77,Geelong Cats (W),v Hawthorn (W),-7,35,42,1.57,1.61,5625.25,1.49,1.97,5834.56,1.12,1.45,6135.25,1.49,1.97,6146.88,6241.68
2025-09-25 00:00:00.000 Z,Women's AFL/Geelong Cats (W) v Hawthorn (W),34761171,MATCH_ODDS,248099859,Match Odds,47691798,Hawthorn (W),WINNER,1,77,Geelong Cats (W),v Hawthorn (W),-7,35,42,2.64,2.76,2356.78,1.11,2.6,2637,1.11,11,2687.44,2.12,11,2687.44,2929.72
2025-09-26 00:00:00.000 Z,Women's AFL/Melbourne (W) v Gold Coast SUNS (W),34761172,MATCH_ODDS,248100118,Match Odds,79562658,Gold Coast SUNS (W),LOSER,0,99,Melbourne (W),v Gold Coast SUNS (W),60,79.5,19.5,17.5,1000,34.99,1.01,,34.99,1.01,,34.99,1.01,,34.99,34.99
2025-09-26 00:00:00.000 Z,Women's AFL/Melbourne (W) v Gold Coast SUNS (W),34761172,MATCH_ODDS,248100118,Match Odds,12443129,Melbourne (W),WINNER,1,99,Melbourne (W),v Gold Coast SUNS (W),60,79.5,19.5,1.02,1.04,1301.36,1.01,1.04,1356.3,,1.01,1356.3,,1.01,1356.3,1356.3
2025-09-26 00:00:00.000 Z,Women's AFL/Essendon (W) v North Melbourne (W),34761174,MATCH_ODDS,248100362,Match Odds,47691799,Essendon (W),LOSER,0,112,Essendon (W),v North Melbourne (W),-30,41,71,36,1000,43.02,3.55,,43.02,1.01,95,56.43,1.01,,66.45,66.45
2025-09-26 00:00:00.000 Z,Women's AFL/Essendon (W) v North Melbourne (W),34761174,MATCH_ODDS,248100362,Match Odds,22505674,North Melbourne (W),WINNER,1,112,Essendon (W),v North Melbourne (W),-30,41,71,1.02,1.03,1612.13,1.02,1.14,1612.13,1.03,1.04,1931.18,,1.1,3161.82,3161.82
2025-09-26 00:00:00.000 Z,Women's AFL/Carlton (W) v Fremantle (W),34761180,MATCH_ODDS,248100606,Match Odds,12443132,Carlton (W),WINNER,1,55,Carlton (W),v Fremantle (W),9,32,23,1.5,1.54,267.5,1.11,2.2,269.47,1.5,,272.72,1.11,,272.72,326.53
2025-09-26 00:00:00.000 Z,Women's AFL/Carlton (W) v Fremantle (W),34761180,MATCH_ODDS,248100606,Match Odds,12443128,Fremantle (W),LOSER,0,55,Carlton (W),v Fremantle (W),9,32,23,2.86,5.3,374.12,2,5.3,392.1,1.5,2.98,396.41,1.11,2.38,396.41,407.14
2025-09-26 00:00:00.000 Z,Women's AFL/Western Bulldogs (W) v Collingwood (W),34761181,MATCH_ODDS,248100850,Match Odds,12443130,Collingwood (W),LOSER,0,73,Western Bulldogs (W),v Collingwood (W),57,65,8,1.46,2.28,487.31,2.06,2.28,539.7,2.3,,539.77,2.3,,539.77,539.77
2025-09-26 00:00:00.000 Z,Women's AFL/Western Bulldogs (W) v Collingwood (W),34761181,MATCH_ODDS,248100850,Match Odds,12443127,Western Bulldogs (W),WINNER,1,73,Western Bulldogs (W),v Collingwood (W),57,65,8,2.74,2.96,708.53,1.12,3.25,726.97,1.05,1.2,729.2,,1.01,813.18,830.66
2025-09-28 00:00:00.000 Z,Women's AFL/St Kilda (W) v Port Adelaide (W),34761182,MATCH_ODDS,248101094,Match Odds,47691800,Port Adelaide (W),LOSER,0,95,St Kilda (W),v Port Adelaide (W),11,53,42,1.74,1.78,2853.5,1.05,2.96,2853.5,1.05,2.96,2853.5,,1.04,2986.06,3020.55
2025-09-28 00:00:00.000 Z,Women's AFL/St Kilda (W) v Port Adelaide (W),34761182,MATCH_ODDS,248101094,Match Odds,26814175,St Kilda (W),WINNER,1,95,St Kilda (W),v Port Adelaide (W),11,53,42,2.28,2.34,2570.47,1.11,4.6,2570.67,1.11,4.6,2570.67,1.11,,2570.84,2655.94
2025-09-28 00:00:00.000 Z,Women's AFL/Adelaide Crows (W) v Sydney Swans (W),34761183,MATCH_ODDS,248101338,Match Odds,12443133,Adelaide Crows (W),WINNER,1,80,Adelaide Crows (W),v Sydney Swans (W),2,41,39,1.4,1.43,5355.04,1.2,1.82,8380.55,1.5,1.92,8393.98,1.2,2,8394.06,8427.24
2025-09-28 00:00:00.000 Z,Women's AFL/Adelaide Crows (W) v Sydney Swans (W),34761183,MATCH_ODDS,248101338,Match Odds,79562659,Sydney Swans (W),LOSER,0,80,Adelaide Crows (W),v Sydney Swans (W),2,41,39,3.4,3.5,2142.96,2.1,6.8,3390.21,2.1,,3400.46,1.11,,3405.55,3405.55
2025-09-28 00:00:00.000 Z,Women's AFL/Brisbane Lions (W) v Richmond (W),34761185,MATCH_ODDS,248101582,Match Odds,12443135,Brisbane Lions (W),WINNER,1,74,Brisbane Lions (W),v Richmond (W),34,54,20,1.02,1.03,154.61,1.01,1.03,313.91,1.1,1.16,555.5,,1.2,588.58,588.58
2025-09-28 00:00:00.000 Z,Women's AFL/Brisbane Lions (W) v Richmond (W),34761185,MATCH_ODDS,248101582,Match Odds,26814173,Richmond (W),LOSER,0,74,Brisbane Lions (W),v Richmond (W),34,54,20,14,1000,20.25,1.01,,22.21,1.01,,26.14,1.2,,28.1,28.1
2025-09-28 00:00:00.000 Z,Women's AFL/West Coast Eagles (W) v GWS GIANTS (W),34761186,MATCH_ODDS,248101826,Match Odds,79562662,GWS Giants (W),LOSER,0,108,West Coast Eagles (W),v GWS GIANTS (W),42,75,33,2.94,3,302.36,2.94,,373.32,2.94,,375.28,2.94,,379.29,379.29
2025-09-28 00:00:00.000 Z,Women's AFL/West Coast Eagles (W) v GWS GIANTS (W),34761186,MATCH_ODDS,248101826,Match Odds,79562661,West Coast Eagles (W),WINNER,1,108,West Coast Eagles (W),v GWS GIANTS (W),42,75,33,1.49,1.51,297.77,1.05,1.96,554.45,1.05,1.13,566.06,1.01,1.08,954.89,990.62
2025-10-02 00:00:00.000 Z,Women's AFL/Hawthorn (W) v Fremantle (W),34787763,MATCH_ODDS,248394451,Match Odds,12443128,Fremantle (W),LOSER,0,51,Hawthorn (W),v Fremantle (W),15,33,18,4.2,8,585.3,3.4,8,639.96,3.2,,639.98,1.11,3.6,665.83,665.83
2025-10-02 00:00:00.000 Z,Women's AFL/Hawthorn (W) v Fremantle (W),34787763,MATCH_ODDS,248394451,Match Odds,47691798,Hawthorn (W),WINNER,1,51,Hawthorn (W),v Fremantle (W),15,33,18,1.28,1.33,2030.66,1.11,1.61,2886.58,1.28,1.45,2906.96,1.38,1.6,2955.84,3008.76
2025-10-03 00:00:00.000 Z,Women's AFL/Melbourne (W) v Essendon (W),34787764,MATCH_ODDS,248394695,Match Odds,47691799,Essendon (W),LOSER,0,58,Melbourne (W),v Essendon (W),14,36,22,10,14.5,459.41,1.11,,461.41,1.11,,519.41,1.11,,519.41,519.41
2025-10-03 00:00:00.000 Z,Women's AFL/Melbourne (W) v Essendon (W),34787764,MATCH_ODDS,248394695,Match Odds,12443129,Melbourne (W),WINNER,1,58,Melbourne (W),v Essendon (W),14,36,22,1.07,1.08,5517.67,,1.01,5931.84,1.01,1.04,7609.01,,1.01,7711.01,7717.06
2025-10-04 00:00:00.000 Z,Women's AFL/GWS GIANTS (W) v St Kilda (W),34787766,MATCH_ODDS,248394939,Match Odds,79562662,GWS Giants (W),LOSER,0,46,GWS GIANTS (W),v St Kilda (W),,,,3.8,9.2,222.88,1.11,9.2,351.88,1.11,9.2,351.95,1.11,,351.97,351.97
2025-10-04 00:00:00.000 Z,Women's AFL/GWS GIANTS (W) v St Kilda (W),34787766,MATCH_ODDS,248394939,Match Odds,26814175,St Kilda (W),WINNER,1,46,GWS GIANTS (W),v St Kilda (W),,,,1.29,1.34,3265.2,1.11,1.9,3267.61,1.11,,3267.69,1.01,,3300.36,3439.21
2025-10-04 00:00:00.000 Z,Women's AFL/North Melbourne (W) v Sydney Swans (W),34787769,MATCH_ODDS,248395183,Match Odds,22505674,North Melbourne (W),WINNER,1,108,North Melbourne (W),v Sydney Swans (W),60,84,24,1.04,1.07,2941.58,1.02,1.05,5963.63,,1.01,6149.8,,1.01,6149.8,6149.8
2025-10-04 00:00:00.000 Z,Women's AFL/North Melbourne (W) v Sydney Swans (W),34787769,MATCH_ODDS,248395183,Match Odds,79562659,Sydney Swans (W),LOSER,0,108,North Melbourne (W),v Sydney Swans (W),60,84,24,16.5,25,117.9,1.01,,137.9,1.01,,137.9,1.01,,137.9,137.9
2025-10-04 00:00:00.000 Z,Women's AFL/Gold Coast SUNS (W) v Brisbane Lions (W),34787774,MATCH_ODDS,248395427,Match Odds,12443135,Brisbane Lions (W),WINNER,1,98,Gold Coast SUNS (W),v Brisbane Lions (W),,,,1.02,1.03,2782.15,,1.01,3139.37,,1.01,3139.37,,1.01,3139.37,3139.37
2025-10-04 00:00:00.000 Z,Women's AFL/Gold Coast SUNS (W) v Brisbane Lions (W),34787774,MATCH_ODDS,248395427,Match Odds,79562658,Gold Coast SUNS (W),LOSER,0,98,Gold Coast SUNS (W),v Brisbane Lions (W),,,,21,50,99.23,3,,99.23,150,,99.23,6,,99.23,99.23
2025-10-04 00:00:00.000 Z,Women's AFL/Port Adelaide (W) v Western Bulldogs (W),34787775,MATCH_ODDS,248395671,Match Odds,47691800,Port Adelaide (W),WINNER,1,89,Port Adelaide (W),v Western Bulldogs (W),19,54,35,1.6,1.62,977.89,1.39,3.6,1045.07,1.5,5.4,2495.63,1.11,1.47,2556.3,2985.33
2025-10-04 00:00:00.000 Z,Women's AFL/Port Adelaide (W) v Western Bulldogs (W),34787775,MATCH_ODDS,248395671,Match Odds,12443127,Western Bulldogs (W),LOSER,0,89,Port Adelaide (W),v Western Bulldogs (W),19,54,35,2.56,5.4,160.56,1.11,1.74,230.73,1.4,5.4,858.64,2.04,2.92,948.64,952.42
2025-10-05 00:00:00.000 Z,Women's AFL/Richmond (W) v Adelaide Crows (W),34787776,MATCH_ODDS,248395915,Match Odds,12443133,Adelaide Crows (W),LOSER,0,105,Richmond (W),v Adelaide Crows (W),11,58,47,1.11,1.16,5459.56,1.05,1.24,5542.34,1.05,1.24,5542.34,1.6,,5557.61,5557.61
2025-10-05 00:00:00.000 Z,Women's AFL/Richmond (W) v Adelaide Crows (W),34787776,MATCH_ODDS,248395915,Match Odds,26814173,Richmond (W),WINNER,1,105,Richmond (W),v Adelaide Crows (W),11,58,47,7.4,9.4,830.13,1.11,9.4,838.45,1.11,,876.98,1.7,1.69,880.95,1099.18
2025-10-05 00:00:00.000 Z,Women's AFL/Geelong Cats (W) v Carlton (W),34787777,MATCH_ODDS,248396159,Match Odds,12443132,Carlton (W),WINNER,1,92,Geelong Cats (W),v Carlton (W),-18,37,55,2.32,2.56,960.07,1.12,2.38,1001.93,1.12,2.38,1020.5,1.36,5.4,1034.9,1106.39
2025-10-05 00:00:00.000 Z,Women's AFL/Geelong Cats (W) v Carlton (W),34787777,MATCH_ODDS,248396159,Match Odds,79562660,Geelong Cats (W),LOSER,0,92,Geelong Cats (W),v Carlton (W),-18,37,55,1.59,1.72,1534.78,2,2.96,1591.23,3.1,,1681.29,1.5,,1688.94,1688.94
2025-10-05 00:00:00.000 Z,Women's AFL/West Coast Eagles (W) v Collingwood (W),34787781,MATCH_ODDS,248396403,Match Odds,12443130,Collingwood (W),LOSER,0,79,West Coast Eagles (W),v Collingwood (W),45,62,17,2.84,3.3,555,2,3.3,557,2.5,,559.02,2.7,,559.37,559.37
2025-10-05 00:00:00.000 Z,Women's AFL/West Coast Eagles (W) v Collingwood (W),34787781,MATCH_ODDS,248396403,Match Odds,79562661,West Coast Eagles (W),WINNER,1,79,West Coast Eagles (W),v Collingwood (W),45,62,17,1.45,1.5,1419.85,1.44,2.04,1444.13,1.11,1.18,1484.67,,1.01,1672.9,1672.9
2025-10-10 00:00:00.000 Z,Women's AFL/Western Bulldogs (W) v Essendon (W),34810685,MATCH_ODDS,248653781,Match Odds,47691799,Essendon (W),LOSER,0,77,Western Bulldogs (W),v Essendon (W),57,67,10,1.84,1.86,1392.46,1.85,2.78,1784.45,1.8,,1799.51,1.8,,1816.03,1816.03
2025-10-10 00:00:00.000 Z,Women's AFL/Western Bulldogs (W) v Essendon (W),34810685,MATCH_ODDS,248653781,Match Odds,12443127,Western Bulldogs (W),WINNER,1,77,Western Bulldogs (W),v Essendon (W),57,67,10,2.12,2.18,1072.58,1.5,2.28,1485.7,1.02,2,1526.85,,1.01,1620.81,1620.81
2025-10-11 00:00:00.000 Z,Women's AFL/Adelaide Crows (W) v West Coast Eagles (W),34810686,MATCH_ODDS,248654025,Match Odds,12443131,Adelaide (W),WINNER,1,79,Adelaide Crows (W),v West Coast Eagles (W),,,,1.46,1.7,1064.99,1.06,2.4,1074.81,1.05,1.18,1180.81,,1.01,1311.81,1397.31
2025-10-11 00:00:00.000 Z,Women's AFL/Adelaide Crows (W) v West Coast Eagles (W),34810686,MATCH_ODDS,248654025,Match Odds,26814174,West Coast (W),LOSER,0,79,Adelaide Crows (W),v West Coast Eagles (W),,,,3,3.25,613.82,2,7.8,613.82,3.4,,613.84,1.01,,613.84,613.84
2025-10-11 00:00:00.000 Z,Women's AFL/Geelong Cats (W) v GWS GIANTS (W),34810687,MATCH_ODDS,248654269,Match Odds,12543370,GWS (W),LOSER,0,117,Geelong Cats (W),v GWS GIANTS (W),,,,9.4,13,36.49,1.11,,62.56,1.11,,62.56,1.11,,62.56,62.56
2025-10-11 00:00:00.000 Z,Women's AFL/Geelong Cats (W) v GWS GIANTS (W),34810687,MATCH_ODDS,248654269,Match Odds,22505676,Geelong (W),WINNER,1,117,Geelong Cats (W),v GWS GIANTS (W),,,,1.08,1.17,680.91,1.02,1.35,895.23,1.02,1.35,895.23,1.33,2,940.06,960.05
2025-10-11 00:00:00.000 Z,Women's AFL/Hawthorn (W) v Gold Coast SUNS (W),34810688,MATCH_ODDS,248654513,Match Odds,26814172,Gold Coast (W),LOSER,0,97,Hawthorn (W),v Gold Coast SUNS (W),23,60,37,20,1000,41.38,20,,41.38,36,,41.38,36,,41.38,41.38
2025-10-11 00:00:00.000 Z,Women's AFL/Hawthorn (W) v Gold Coast SUNS (W),34810688,MATCH_ODDS,248654513,Match Odds,47691798,Hawthorn (W),WINNER,1,97,Hawthorn (W),v Gold Coast SUNS (W),23,60,37,1.03,1.04,8001.62,1.01,1.04,8518.45,,1.02,8932.73,,1.01,8932.73,8932.73
2025-10-11 00:00:00.000 Z,Women's AFL/Brisbane Lions (W) v Port Adelaide (W),34810695,MATCH_ODDS,248654757,Match Odds,12551709,Brisbane (W),WINNER,1,95,Brisbane Lions (W),v Port Adelaide (W),,,,1.05,1.11,2069.97,1.1,1.3,2086.79,1.01,1.3,2241.57,,1.09,2366.66,2368.49
2025-10-11 00:00:00.000 Z,Women's AFL/Brisbane Lions (W) v Port Adelaide (W),34810695,MATCH_ODDS,248654757,Match Odds,47691800,Port Adelaide (W),LOSER,0,95,Brisbane Lions (W),v Port Adelaide (W),,,,4.5,16.5,82.38,1.11,16.5,82.83,1.11,,83.01,1.11,,83.01,83.01
2025-10-11 00:00:00.000 Z,Women's AFL/Richmond (W) v North Melbourne (W),34810696,MATCH_ODDS,248655001,Match Odds,22505674,North Melbourne (W),WINNER,1,64,Richmond (W),v North Melbourne (W),-36,14,50,,1.01,5403.53,,1.01,7477.49,,1.01,7477.49,,1.01,7477.49,7519.77
2025-10-11 00:00:00.000 Z,Women's AFL/Richmond (W) v North Melbourne (W),34810696,MATCH_ODDS,248655001,Match Odds,26814173,Richmond (W),LOSER,0,64,Richmond (W),v North Melbourne (W),-36,14,50,55,120,56.84,28,510,56.84,28,510,56.84,5.3,,56.84,56.84
2025-10-12 00:00:00.000 Z,Women's AFL/Sydney Swans (W) v Carlton (W),34810697,MATCH_ODDS,248655245,Match Odds,12443132,Carlton (W),LOSER,0,113,Sydney Swans (W),v Carlton (W),,,,1.73,2,2538.48,1.01,,2726.04,1.11,,2726.04,1.01,1000,2743.04,2743.04
2025-10-12 00:00:00.000 Z,Women's AFL/Sydney Swans (W) v Carlton (W),34810697,MATCH_ODDS,248655245,Match Odds,47691797,Sydney (W),WINNER,1,113,Sydney Swans (W),v Carlton (W),,,,2.16,3,2656.55,1.01,3.5,2656.55,1.01,3.5,2706.55,,1.01,4436.22,4491.98
2025-10-12 00:00:00.000 Z,Women's AFL/St Kilda (W) v Collingwood (W),34810698,MATCH_ODDS,248655489,Match Odds,12443130,Collingwood (W),LOSER,0,47,St Kilda (W),v Collingwood (W),23,35,12,2.92,3.1,2203.54,1.2,3.8,2324.96,2,,2400.91,2,,2400.91,2400.91
2025-10-12 00:00:00.000 Z,Women's AFL/St Kilda (W) v Collingwood (W),34810698,MATCH_ODDS,248655489,Match Odds,26814175,St Kilda (W),WINNER,1,47,St Kilda (W),v Collingwood (W),23,35,12,1.48,2,846.31,1.11,2.06,980.98,1.11,2.06,990.98,,1.3,1150.31,1150.31
2025-10-12 00:00:00.000 Z,Women's AFL/Fremantle (W) v Melbourne (W),34810699,MATCH_ODDS,248655733,Match Odds,12443128,Fremantle (W),WINNER,1,75,Fremantle (W),v Melbourne (W),5,40,35,5.7,1000,162.5,1.7,3,201.52,2.02,,212.81,2,,212.81,316.69
2025-10-12 00:00:00.000 Z,Women's AFL/Fremantle (W) v Melbourne (W),34810699,MATCH_ODDS,248655733,Match Odds,12443129,Melbourne (W),LOSER,0,75,Fremantle (W),v Melbourne (W),5,40,35,1.18,1.25,2278.65,1.55,,2378.33,1.12,1.9,2398.87,1.12,1.9,2398.87,2409.14
2025-10-17 00:00:00.000 Z,Women's AFL/Port Adelaide (W) v Hawthorn (W),34836205,MATCH_ODDS,248965676,Match Odds,47691798,Hawthorn (W),LOSER,0,,Port Adelaide (W),v Hawthorn (W),35,,,1.61,1.65,11935.44,1.44,2.14,12341.09,2,2.14,12402.01,2.08,6,12402.08,12402.08
2025-10-17 00:00:00.000 Z,Women's AFL/Port Adelaide (W) v Hawthorn (W),34836205,MATCH_ODDS,248965676,Match Odds,47691800,Port Adelaide (W),WINNER,1,,Port Adelaide (W),v Hawthorn (W),35,,,2.52,2.62,5090.84,2,3.8,5125.71,1.11,3.8,5154.52,1.21,3.8,5429.58,5506.11
2025-10-17 00:00:00.000 Z,Women's AFL/West Coast Eagles (W) v Geelong Cats (W),34836206,MATCH_ODDS,248965920,Match Odds,22505676,Geelong (W),LOSER,0,69,West Coast Eagles (W),v Geelong Cats (W),,,,1.66,2.74,4808.06,2,2.74,4808.06,1.4,9,4808.12,1.4,,4848.12,4848.12
2025-10-17 00:00:00.000 Z,Women's AFL/West Coast Eagles (W) v Geelong Cats (W),34836206,MATCH_ODDS,248965920,Match Odds,26814174,West Coast (W),WINNER,1,69,West Coast Eagles (W),v Geelong Cats (W),,,,2.34,2.56,1304.32,1.11,2.6,1304.32,1.11,1.34,1368.97,1.01,1.04,1793.56,1793.84
2025-10-18 00:00:00.000 Z,Women's AFL/Melbourne (W) v Sydney Swans (W),34836208,MATCH_ODDS,248966164,Match Odds,12443129,Melbourne (W),WINNER,1,86,Melbourne (W),v Sydney Swans (W),44,65,21,1.29,1.39,3292.95,1.11,1.84,3542.95,1.05,1.84,3554.16,,1.01,3708.23,3708.23
2025-10-18 00:00:00.000 Z,Women's AFL/Melbourne (W) v Sydney Swans (W),34836208,MATCH_ODDS,248966164,Match Odds,47691797,Sydney (W),LOSER,0,86,Melbourne (W),v Sydney Swans (W),44,65,21,3.55,4.5,101.82,1.11,9.4,101.82,1.11,,101.84,1.11,,101.84,101.84
2025-10-18 00:00:00.000 Z,Women's AFL/North Melbourne (W) v Adelaide Crows (W),34836216,MATCH_ODDS,248966408,Match Odds,12443131,Adelaide (W),LOSER,0,102,North Melbourne (W),v Adelaide Crows (W),40,71,31,12.5,1000,17.53,1.11,,17.53,1.11,,17.53,1.11,,17.53,17.53
2025-10-18 00:00:00.000 Z,Women's AFL/North Melbourne (W) v Adelaide Crows (W),34836216,MATCH_ODDS,248966408,Match Odds,22505674,North Melbourne (W),WINNER,1,102,North Melbourne (W),v Adelaide Crows (W),40,71,31,1.05,1.08,1747.62,,1.01,2144.81,,1.09,2144.81,,1.01,2144.81,2144.81
2025-10-18 00:00:00.000 Z,Women's AFL/GWS GIANTS (W) v Fremantle (W),34836218,MATCH_ODDS,248966652,Match Odds,12443128,Fremantle (W),WINNER,1,87,GWS GIANTS (W),v Fremantle (W),,,,1.28,1.71,962.64,1.28,1.71,969.65,1.28,1.71,969.65,1.28,,971.73,997.86
2025-10-18 00:00:00.000 Z,Women's AFL/GWS GIANTS (W) v Fremantle (W),34836218,MATCH_ODDS,248966652,Match Odds,12543370,GWS (W),LOSER,0,87,GWS GIANTS (W),v Fremantle (W),,,,4.5,4.6,96.14,1.35,4.6,100.13,1.35,4.6,100.13,2,4.6,102.14,104.16
2025-10-18 00:00:00.000 Z,Women's AFL/Carlton (W) v St Kilda (W),34836225,MATCH_ODDS,248966896,Match Odds,12443132,Carlton (W),LOSER,0,85,Carlton (W),v St Kilda (W),-13,36,49,1.41,1.46,1730.84,1.3,1.69,2515.69,2,,2563.45,2,,2563.45,2563.45
2025-10-18 00:00:00.000 Z,Women's AFL/Carlton (W) v St Kilda (W),34836225,MATCH_ODDS,248966896,Match Odds,26814175,St Kilda (W),WINNER,1,85,Carlton (W),v St Kilda (W),-13,36,49,2.92,3.4,435.9,2,5.6,686.47,1.31,5.6,765.62,1.14,5.6,765.62,859.61
2025-10-19 00:00:00.000 Z,Women's AFL/Essendon (W) v Brisbane Lions (W),34836226,MATCH_ODDS,248967140,Match Odds,12551709,Brisbane (W),WINNER,1,70,Essendon (W),v Brisbane Lions (W),-38,16,54,1.07,1.08,9964.39,1.06,1.2,9964.39,1.03,1.13,10016.25,,1.05,10150.83,10150.83
2025-10-19 00:00:00.000 Z,Women's AFL/Essendon (W) v Brisbane Lions (W),34836226,MATCH_ODDS,248967140,Match Odds,47691799,Essendon (W),LOSER,0,70,Essendon (W),v Brisbane Lions (W),-38,16,54,13.5,14,433.33,1.12,21,447.44,1.12,21,448.44,1.12,,448.44,448.44
2025-10-19 00:00:00.000 Z,Women's AFL/Collingwood (W) v Richmond (W),34836231,MATCH_ODDS,248967384,Match Odds,12443130,Collingwood (W),LOSER,0,79,Collingwood (W),v Richmond (W),-13,33,46,1.11,5.2,69.51,2,5.2,69.51,2,5.2,69.51,3.6,,82.47,82.47
2025-10-19 00:00:00.000 Z,Women's AFL/Collingwood (W) v Richmond (W),34836231,MATCH_ODDS,248967384,Match Odds,26814173,Richmond (W),WINNER,1,79,Collingwood (W),v Richmond (W),-13,33,46,1.11,1.55,1013.1,1.05,1.55,1013.1,1.05,1.55,1013.1,1.1,1.55,1195.1,1213.68
2025-10-19 00:00:00.000 Z,Women's AFL/Gold Coast SUNS (W) v Western Bulldogs (W),34836233,MATCH_ODDS,248967628,Match Odds,26814172,Gold Coast (W),LOSER,0,78,Gold Coast SUNS (W),v Western Bulldogs (W),,,,4.5,11.5,88.96,1.11,,88.98,1.11,,88.98,1.11,,88.98,88.98
2025-10-19 00:00:00.000 Z,Women's AFL/Gold Coast SUNS (W) v Western Bulldogs (W),34836233,MATCH_ODDS,248967628,Match Odds,12443127,Western Bulldogs (W),WINNER,1,78,Gold Coast SUNS (W),v Western Bulldogs (W),,,,1.16,1.21,1023.57,1.01,1.14,1071.11,1.01,1.11,1071.11,,1.01,1084.96,1084.96
2025-10-24 00:00:00.000 Z,Women's AFL/Adelaide Crows (W) v Port Adelaide (W),34866085,MATCH_ODDS,249394189,Match Odds,12443131,Adelaide (W),LOSER,0,97,Adelaide Crows (W),v Port Adelaide (W),,,,1.56,1.63,3361.76,1.11,1.46,3420.81,1.11,2.18,3445.83,2.2,,3854.7,3854.96
2025-10-24 00:00:00.000 Z,Women's AFL/Adelaide Crows (W) v Port Adelaide (W),34866085,MATCH_ODDS,249394189,Match Odds,47691800,Port Adelaide (W),WINNER,1,97,Adelaide Crows (W),v Port Adelaide (W),,,,2.58,2.88,383.86,2.1,4.7,401.72,1.8,,409.16,1.05,1.15,1538.48,1923.7
2025-10-25 00:00:00.000 Z,Women's AFL/Sydney (W) v West Coast (W),34866086,MATCH_ODDS,249394311,Match Odds,47691797,Sydney (W),WINNER,1,69,Sydney (W),v West Coast (W),17,43,26,1.61,1.63,6770.17,1.12,2.06,6865.15,1.4,2.06,6865.15,1.1,1.11,6959.62,7026.82
2025-10-25 00:00:00.000 Z,Women's AFL/Sydney (W) v West Coast (W),34866086,MATCH_ODDS,249394311,Match Odds,26814174,West Coast (W),LOSER,0,69,Sydney (W),v West Coast (W),17,43,26,2.44,2.66,2775.19,1.11,5.1,2835.19,1.11,5.1,2835.19,1.11,,2861.8,2861.8
2025-10-25 00:00:00.000 Z,Women's AFL/Essendon (W) v Hawthorn (W),34866088,MATCH_ODDS,249392481,Match Odds,47691799,Essendon (W),LOSER,0,82,Essendon (W),v Hawthorn (W),-30,26,56,5.7,8,195.24,2,13.5,223.74,2,13.5,223.74,1.11,13.5,236.74,236.76
2025-10-25 00:00:00.000 Z,Women's AFL/Essendon (W) v Hawthorn (W),34866088,MATCH_ODDS,249392481,Match Odds,47691798,Hawthorn (W),WINNER,1,82,Essendon (W),v Hawthorn (W),-30,26,56,1.13,1.2,1158.7,1.12,1.35,1387.95,1.12,1.35,1387.95,1.05,1.25,1522.76,1720.83
2025-10-25 00:00:00.000 Z,Women's AFL/Fremantle (W) v Richmond (W),34866089,MATCH_ODDS,249392725,Match Odds,12443128,Fremantle (W),WINNER,1,72,Fremantle (W),v Richmond (W),44,58,14,1.28,1.31,3416.05,1.12,1.57,3592.43,1.01,1.14,3592.56,1.01,1.14,3592.56,3723.76
2025-10-25 00:00:00.000 Z,Women's AFL/Fremantle (W) v Richmond (W),34866089,MATCH_ODDS,249392725,Match Odds,26814173,Richmond (W),LOSER,0,72,Fremantle (W),v Richmond (W),44,58,14,4.2,4.3,948.15,2,7.2,1007.44,2,,1007.46,2.1,,1007.46,1007.46
2025-10-25 00:00:00.000 Z,Women's AFL/Brisbane (W) v Melbourne (W),34866090,MATCH_ODDS,249394555,Match Odds,12551709,Brisbane (W),WINNER,1,81,Brisbane (W),v Melbourne (W),9,45,36,1.68,1.7,4495.62,1.4,1.72,4946.57,1.11,,9692.52,1.11,,9732.74,9752.94
2025-10-25 00:00:00.000 Z,Women's AFL/Brisbane (W) v Melbourne (W),34866090,MATCH_ODDS,249394555,Match Odds,12443129,Melbourne (W),LOSER,0,81,Brisbane (W),v Melbourne (W),9,45,36,2.42,4.3,1674.08,1.55,3.15,1959.67,1.55,4.3,2237.78,2.3,,2237.82,2237.82
2025-10-26 00:00:00.000 Z,Women's AFL/Western Bulldogs (W) v Geelong (W),34866091,MATCH_ODDS,249394799,Match Odds,22505676,Geelong (W),WINNER,1,63,Western Bulldogs (W),v Geelong (W),-11,26,37,1.92,1.98,639.19,1.11,3.15,900.98,1.11,3.15,900.98,1.05,3.15,900.98,922.98
2025-10-26 00:00:00.000 Z,Women's AFL/Western Bulldogs (W) v Geelong (W),34866091,MATCH_ODDS,249394799,Match Odds,12443127,Western Bulldogs (W),LOSER,0,63,Western Bulldogs (W),v Geelong (W),-11,26,37,2.02,2.26,1313.77,1.11,3.35,1518.17,1.11,3.35,1518.17,1.11,3.35,1518.17,1518.22
2025-10-26 00:00:00.000 Z,Women's AFL/North Melbourne (W) v St Kilda (W),34866092,MATCH_ODDS,249393457,Match Odds,22505674,North Melbourne (W),WINNER,1,88,North Melbourne (W),v St Kilda (W),46,67,21,1.04,1.05,1650.5,1.03,1.05,1650.5,1.01,1.03,1700.48,,,1830.4,1830.4
2025-10-26 00:00:00.000 Z,Women's AFL/North Melbourne (W) v St Kilda (W),34866092,MATCH_ODDS,249393457,Match Odds,26814175,St Kilda (W),LOSER,0,88,North Melbourne (W),v St Kilda (W),46,67,21,15,40,30.63,1.01,,30.63,1.01,,30.63,1.01,,30.63,30.63
2025-10-26 00:00:00.000 Z,Women's AFL/Carlton (W) v GWS (W),34866093,MATCH_ODDS,249395043,Match Odds,12443132,Carlton (W),WINNER,1,116,Carlton (W),v GWS (W),46,81,35,1.2,1.21,3247.35,1.01,1.63,3343.01,,1.01,3371.5,,1.01,3371.5,3371.5
2025-10-26 00:00:00.000 Z,Women's AFL/Carlton (W) v GWS (W),34866093,MATCH_ODDS,249395043,Match Odds,12543370,GWS (W),LOSER,0,116,Carlton (W),v GWS (W),46,81,35,4.5,8,654.25,1.01,12,655.8,6,,655.82,6,,655.82,655.82
2025-10-26 00:00:00.000 Z,Women's AFL/Gold Coast (W) v Collingwood (W),34866094,MATCH_ODDS,249395287,Match Odds,12443130,Collingwood (W),WINNER,1,63,Gold Coast (W),v Collingwood (W),-15,24,39,1.28,1.43,601.26,1.11,1.44,601.26,1.23,1.93,651.01,1.11,1.93,651.01,673.44
2025-10-26 00:00:00.000 Z,Women's AFL/Gold Coast (W) v Collingwood (W),34866094,MATCH_ODDS,249395287,Match Odds,26814172,Gold Coast (W),LOSER,0,63,Gold Coast (W),v Collingwood (W),-15,24,39,3.3,3.35,66.55,2.94,6.2,66.55,2.6,6.2,88.62,2,6.2,88.62,88.64
2025-10-31 00:00:00.000 Z,Women's AFL/Hawthorn (W) v North Melbourne (W),34889912,MATCH_ODDS,249644783,Match Odds,47691798,Hawthorn (W),LOSER,0,85,Hawthorn (W),v North Melbourne (W),-49,18,67,9,16,190.4,1.11,,190.78,1.11,,190.78,2,,190.78,190.78
2025-10-31 00:00:00.000 Z,Women's AFL/Hawthorn (W) v North Melbourne (W),34889912,MATCH_ODDS,249644783,Match Odds,22505674,North Melbourne (W),WINNER,1,85,Hawthorn (W),v North Melbourne (W),-49,18,67,1.08,1.14,1327.23,1.03,2,1407.89,1.01,1.09,1484.47,,1.01,1502.56,1502.56
2025-10-31 00:00:00.000 Z,Women's AFL/West Coast Eagles (W) v Carlton (W),34889913,MATCH_ODDS,249645027,Match Odds,12443132,Carlton (W),WINNER,1,64,West Coast Eagles (W),v Carlton (W),-20,22,42,1.84,1.99,604.77,2,3.5,614.9,1.4,3.5,614.9,2,3.5,614.9,665.9
2025-10-31 00:00:00.000 Z,Women's AFL/West Coast Eagles (W) v Carlton (W),34889913,MATCH_ODDS,249645027,Match Odds,79562661,West Coast Eagles (W),LOSER,0,64,West Coast Eagles (W),v Carlton (W),-20,22,42,2.02,2.18,2593.75,1.22,,2623.79,1.11,,2748.84,1.86,,2825.84,2842.87
2025-11-01 00:00:00.000 Z,Women's AFL/GWS GIANTS (W) v Port Adelaide (W),34889914,MATCH_ODDS,249645271,Match Odds,79562662,GWS Giants (W),LOSER,0,105,GWS GIANTS (W),v Port Adelaide (W),,,,5.6,11.5,205,1.21,11.5,301.5,1.11,11.5,301.5,1.11,,301.52,301.52
2025-11-01 00:00:00.000 Z,Women's AFL/GWS GIANTS (W) v Port Adelaide (W),34889914,MATCH_ODDS,249645271,Match Odds,47691800,Port Adelaide (W),WINNER,1,105,GWS GIANTS (W),v Port Adelaide (W),,,,1.13,1.2,1436.03,1.2,1.31,1918.53,1.01,1.31,1918.53,,1.01,1936.83,1936.83
2025-11-01 00:00:00.000 Z,Women's AFL/Richmond (W) v Gold Coast SUNS (W),34889918,MATCH_ODDS,249645515,Match Odds,79562658,Gold Coast SUNS (W),WINNER,1,64,Richmond (W),v Gold Coast SUNS (W),-14,25,39,4.7,13,107.5,1.11,13,107.5,2.2,13,107.5,2,13,107.5,198.69
2025-11-01 00:00:00.000 Z,Women's AFL/Richmond (W) v Gold Coast SUNS (W),34889918,MATCH_ODDS,249645515,Match Odds,26814173,Richmond (W),LOSER,0,64,Richmond (W),v Gold Coast SUNS (W),-14,25,39,1.18,1.2,1054.53,1.14,1.3,1054.53,1.16,1.56,1324.53,1.14,1.56,1324.53,1324.62
2025-11-01 00:00:00.000 Z,Women's AFL/Sydney Swans (W) v Essendon (W),34889919,MATCH_ODDS,249645759,Match Odds,47691799,Essendon (W),WINNER,1,25,Sydney Swans (W),v Essendon (W),-3,11,14,1.11,9,1209.34,1.11,9,1209.34,1.11,9,1253.69,1.2,9,1282.66,2597.73
2025-11-01 00:00:00.000 Z,Women's AFL/Sydney Swans (W) v Essendon (W),34889919,MATCH_ODDS,249645759,Match Odds,79562659,Sydney Swans (W),LOSER,0,25,Sydney Swans (W),v Essendon (W),-3,11,14,1.07,1.34,9445.3,1.07,1.34,9445.3,1.13,2,9489.71,1.5,,9498.58,9558.51
2025-11-01 00:00:00.000 Z,Women's AFL/Geelong Cats (W) v Melbourne (W),34889920,MATCH_ODDS,249646003,Match Odds,79562660,Geelong Cats (W),LOSER,0,104,Geelong Cats (W),v Melbourne (W),-14,45,59,5.4,10,1314.26,4,,1399.36,4,,1406.29,5,,1573.37,1573.37
2025-11-01 00:00:00.000 Z,Women's AFL/Geelong Cats (W) v Melbourne (W),34889920,MATCH_ODDS,249646003,Match Odds,12443129,Melbourne (W),WINNER,1,104,Geelong Cats (W),v Melbourne (W),-14,45,59,1.11,1.22,3832.41,1.05,1.24,4502.07,1.05,1.2,4530.51,,1.06,5255.6,5255.6
2025-11-02 00:00:00.000 Z,Women's AFL/Collingwood (W) v Brisbane Lions (W),34889921,MATCH_ODDS,249646247,Match Odds,12443135,Brisbane Lions (W),WINNER,1,84,Collingwood (W),v Brisbane Lions (W),-20,32,52,1.06,1.09,1720.31,1.02,10,2389.7,1.01,,2389.7,,1.02,2537.81,2537.81
2025-11-02 00:00:00.000 Z,Women's AFL/Collingwood (W) v Brisbane Lions (W),34889921,MATCH_ODDS,249646247,Match Odds,12443130,Collingwood (W),LOSER,0,84,Collingwood (W),v Brisbane Lions (W),-20,32,52,12,16,12.76,1.2,,15.87,1.5,,15.87,1.5,,15.87,15.87
2025-11-02 00:00:00.000 Z,Women's AFL/St Kilda (W) v Western Bulldogs (W),34889936,MATCH_ODDS,249646491,Match Odds,26814175,St Kilda (W),LOSER,0,99,St Kilda (W),v Western Bulldogs (W),-45,27,72,1.85,2.28,839.36,1.85,3.3,1451.91,1.85,3.3,1451.91,1.85,,1451.97,1451.97
2025-11-02 00:00:00.000 Z,Women's AFL/St Kilda (W) v Western Bulldogs (W),34889936,MATCH_ODDS,249646491,Match Odds,12443127,Western Bulldogs (W),WINNER,1,99,St Kilda (W),v Western Bulldogs (W),-45,27,72,2.06,2.24,334.93,1.11,2.24,832.5,1.11,2.24,832.5,,1.01,1025.47,1025.47
2025-11-02 00:00:00.000 Z,Women's AFL/Adelaide Crows (W) v Fremantle (W),34889937,MATCH_ODDS,249646735,Match Odds,12443133,Adelaide Crows (W),WINNER,1,46,Adelaide Crows (W),v Fremantle (W),12,29,17,1.45,1.8,3267.63,1.32,1.8,3271.07,1.11,1.11,3271.07,1.11,1.8,3308.48,3327.97
2025-11-02 00:00:00.000 Z,Women's AFL/Adelaide Crows (W) v Fremantle (W),34889937,MATCH_ODDS,249646735,Match Odds,12443128,Fremantle (W),LOSER,0,46,Adelaide Crows (W),v Fremantle (W),12,29,17,3,3.5,683.59,1.17,5.4,683.79,1.11,5.4,683.79,2,,683.82,683.82
2025-11-07 00:00:00.000 Z,Women's AFL/North Melbourne (W) v Hawthorn (W),34918974,MATCH_ODDS,250056495,Match Odds,47691798,Hawthorn (W),LOSER,0,45,North Melbourne (W),v Hawthorn (W),39,42,3,27,200,253.68,1.11,,278.95,1.01,,278.95,1.01,,278.95,278.95
2025-11-07 00:00:00.000 Z,Women's AFL/North Melbourne (W) v Hawthorn (W),34918974,MATCH_ODDS,250056495,Match Odds,22505674,North Melbourne (W),WINNER,1,45,North Melbourne (W),v Hawthorn (W),39,42,3,1.03,1.04,14064.26,1.02,1.04,16210.58,1.01,1.02,16472.69,1.01,1.03,16581.39,16581.72
2025-11-08 00:00:00.000 Z,Women's AFL/Carlton (W) v West Coast (W),34918975,MATCH_ODDS,250056741,Match Odds,12443132,Carlton (W),WINNER,1,79,Carlton (W),v West Coast (W),41,60,19,1.26,1.27,6501.15,1.05,1.34,6931.81,1.05,1.34,6931.81,,1.44,7051.86,7051.86
2025-11-08 00:00:00.000 Z,Women's AFL/Carlton (W) v West Coast (W),34918975,MATCH_ODDS,250056741,Match Odds,26814174,West Coast (W),LOSER,0,79,Carlton (W),v West Coast (W),41,60,19,4.7,4.8,533.57,1.11,,570.44,1.11,,570.44,1.01,,570.44,570.44
2025-11-09 00:00:00.000 Z,Women's AFL/Melbourne (W) v Brisbane (W),34918976,MATCH_ODDS,250056987,Match Odds,12551709,Brisbane (W),WINNER,1,99,Melbourne (W),v Brisbane (W),-13,43,56,1.88,1.9,4151.33,1.79,3.15,4395.54,1.5,3.15,4568.54,1.05,3.15,4578.68,4669.68
2025-11-09 00:00:00.000 Z,Women's AFL/Melbourne (W) v Brisbane (W),34918976,MATCH_ODDS,250056987,Match Odds,12443129,Melbourne (W),LOSER,0,99,Melbourne (W),v Brisbane (W),-13,43,56,2.1,2.14,3562.76,1.11,4.4,4028.86,1.11,4.4,4028.86,1.11,,4028.9,4028.9
2025-11-09 00:00:00.000 Z,Women's AFL/Adelaide (W) v St Kilda (W),34918981,MATCH_ODDS,250057233,Match Odds,12443131,Adelaide (W),WINNER,1,76,Adelaide (W),v St Kilda (W),44,60,16,1.26,1.29,2570.24,1.11,1.49,2645.67,1.01,1.49,2678.67,,1.49,2698.72,2698.72
2025-11-09 00:00:00.000 Z,Women's AFL/Adelaide (W) v St Kilda (W),34918981,MATCH_ODDS,250057233,Match Odds,26814175,St Kilda (W),LOSER,0,76,Adelaide (W),v St Kilda (W),44,60,16,4.1,4.8,358.84,1.11,10.5,376.79,1.11,,376.81,1.11,,376.81,376.81
2025-11-15 00:00:00.000 Z,Women's AFL/Hawthorn (W) v Carlton (W),34941437,MATCH_ODDS,250371459,Match Odds,12443132,Carlton (W),WINNER,1,112,Hawthorn (W),v Carlton (W),-46,33,79,1.55,1.59,5395.98,1.03,1.34,7181.38,1.01,1.02,7608.38,,1.01,7794.85,7794.85
2025-11-15 00:00:00.000 Z,Women's AFL/Hawthorn (W) v Carlton (W),34941437,MATCH_ODDS,250371459,Match Odds,47691798,Hawthorn (W),LOSER,0,112,Hawthorn (W),v Carlton (W),-46,33,79,2.68,2.8,2225.27,4,,2268.45,4,,2268.45,4,,2268.45,2268.45
2025-11-15 00:00:00.000 Z,Women's AFL/Melbourne (W) v Adelaide (W),34941438,MATCH_ODDS,250371705,Match Odds,12443131,Adelaide (W),LOSER,0,109,Melbourne (W),v Adelaide (W),11,60,49,2.6,4.7,515.32,1.11,4.7,518.98,1.11,4.7,527.7,1.21,4.7,533.76,533.8
2025-11-15 00:00:00.000 Z,Women's AFL/Melbourne (W) v Adelaide (W),34941438,MATCH_ODDS,250371705,Match Odds,12443129,Melbourne (W),WINNER,1,109,Melbourne (W),v Adelaide (W),11,60,49,1.55,2.68,2031.27,1.11,2.68,2034.47,1.11,2.68,2034.47,1.11,2.68,2044.26,2185.52
2025-11-22 00:00:00.000 Z,Women's AFL/North Melbourne (W) v Melbourne (W),34961913,MATCH_ODDS,250620208,Match Odds,12443129,Melbourne (W),LOSER,0,,North Melbourne (W),v Melbourne (W),10,,,12,1000,96.91,1.51,,105.9,1.51,,105.9,1.11,,223.06,223.06
2025-11-22 00:00:00.000 Z,Women's AFL/North Melbourne (W) v Melbourne (W),34961913,MATCH_ODDS,250620208,Match Odds,22505674,North Melbourne (W),WINNER,1,,North Melbourne (W),v Melbourne (W),10,,,1.06,1.09,3228.28,1.03,2,3586.66,1.05,2,3586.66,1.11,2,3652.62,3992.95
2025-11-22 00:00:00.000 Z,Women's AFL/Brisbane Lions (W) v Carlton (W),34962760,MATCH_ODDS,250619957,Match Odds,12551709,Brisbane (W),WINNER,1,99,Brisbane Lions (W),v Carlton (W),,,,1.31,1.36,4493.34,1.11,1.89,4709.59,1.11,1.38,4859.59,,1.28,5133.49,5133.49
2025-11-22 00:00:00.000 Z,Women's AFL/Brisbane Lions (W) v Carlton (W),34962760,MATCH_ODDS,250619957,Match Odds,12443132,Carlton (W),LOSER,0,99,Brisbane Lions (W),v Carlton (W),,,,3.75,3.9,1124.95,1.3,6,1156.82,1.3,4.4,1200.8,1.11,,1203.84,1203.84
2025-11-29 00:00:00.000 Z,Women's AFL/North Melbourne (W) v Brisbane Lions (W),34987598,MATCH_ODDS,250872640,Match Odds,12443135,Brisbane Lions (W),LOSER,0,72,North Melbourne (W),v Brisbane Lions (W),40,56,16,5.3,6,3214.28,4,5.8,4073.95,4,60,4305.78,2.8,,4414.04,4414.04
2025-11-29 00:00:00.000 Z,Women's AFL/North Melbourne (W) v Brisbane Lions (W),34987598,MATCH_ODDS,250872640,Match Odds,22505674,North Melbourne (W),WINNER,1,72,North Melbourne (W),v Brisbane Lions (W),40,56,16,1.2,1.21,12321.8,1.14,1.28,17466.33,1.03,1.2,20068.63,1.01,1.06,22712.18,22974.94
